<?xml version="1.0" encoding="UTF-8"?>
<project-private xmlns="http://www.netbeans.org/ns/project-private/1">
    <editor-bookmarks xmlns="http://www.netbeans.org/ns/editor-bookmarks/2" lastBookmarkId="0"/>
    <open-files xmlns="http://www.netbeans.org/ns/projectui-open-files/2">
        <group>
            <file>file:/C:/xampp/htdocs/interlogic/wp-content/themes/onlineS3/css/app/box.css</file>
            <file>file:/C:/xampp/htdocs/interlogic/php-src/templates/tool.php</file>
            <file>file:/C:/xampp/htdocs/interlogic/wp-content/themes/onlineS3/js/html2img.js</file>
            <file>file:/C:/xampp/htdocs/interlogic/wp-content/themes/onlineS3/css/app/export.css</file>
            <file>file:/C:/xampp/htdocs/interlogic/php-src/templates/export_template.html</file>
            <file>file:/C:/xampp/htdocs/interlogic/wp-content/themes/onlineS3/functions.php</file>
            <file>file:/C:/xampp/htdocs/interlogic/wp-content/themes/onlineS3/js/app/box.js</file>
        </group>
    </open-files>
</project-private>
